precision,recall,f1
0.5226213026373306,0.7194363654598335,0.6054352871671519
