precision,recall,f1
0.5118231611893583,0.9787377304285372,0.6721505199556086
