precision,recall,f1
0.5318805060608068,0.600745152022983,0.5642193132232973
