precision,recall,f1
0.5208852028113597,0.9547821402920756,0.674043362294346
