precision,recall,f1
0.5082590575852524,1.0,0.6739678505879269
