precision,recall,f1
0.5226039124257769,0.7193862200381105,0.6054058616251345
